<?xml version="1.0" encoding="utf-8"?>
<Defs>
	<SoundDef>
		<defName>Printer</defName>
		<eventNames />
		<maxSimultaneous>3</maxSimultaneous>
		<context>MapOnly</context>
		<subSounds>
			<li>
				<muteWhenPaused>True</muteWhenPaused>
				<grains>
					<li Class="AudioGrain_Folder">
						<clipFolderPath>printer</clipFolderPath>
					</li>
				</grains>
				<volumeRange>
					<min>200</min>
					<max>200</max>
				</volumeRange>
				<distRange>
					<min>10</min>
					<max>20</max>
				</distRange>
			</li>
		</subSounds>
	</SoundDef>
</Defs>