<?xml version="1.0" encoding="utf-8" ?>
<Defs>
  <ThingDef ParentName="BuildingBase">
    <defName>MealPrinter</defName>
    <label>meal printer</label>
    <description>Meal printers use protein resequencing and primitive molecular printing to convert raw foodstuffs into filling, wholesome meals. They can produce simple meals or fine meals, and can also be configured for high-efficiency nutrient paste or bulk NutriBar production.</description>
    <thingClass>MealPrinter.Building_MealPrinter</thingClass>
    <graphicData>
      <texPath>Things/Building/Production/MealPrinter/MealPrinter</texPath>
      <graphicClass>Graphic_Multi</graphicClass>
	  <shaderType>CutoutComplex</shaderType>
      <drawSize>(3,4)</drawSize>
      <damageData>
        <rect>(0.02,0.25,2.96,2.85)</rect>
        <cornerTL>Damage/Corner</cornerTL>
        <cornerTR>Damage/Corner</cornerTR>
      </damageData>
      <shadowData>
        <volume>(2.87,0.75,3.05)</volume>
        <offset>(0,0,0.38)</offset>
      </shadowData>
    </graphicData>
    <altitudeLayer>Building</altitudeLayer>
    <passability>Impassable</passability>
    <blockWind>true</blockWind>
    <fillPercent>1</fillPercent>
    <statBases>
      <WorkToBuild>3000</WorkToBuild>
      <MaxHitPoints>400</MaxHitPoints>
      <Flammability>0.5</Flammability>
    </statBases>
    <building>
      <isMealSource>true</isMealSource>
      <wantsHopperAdjacent>true</wantsHopperAdjacent>
      <nutritionCostPerDispense>0.3</nutritionCostPerDispense>
      <soundDispense>Printer</soundDispense>
      <forceShowRoomStats>true</forceShowRoomStats>
      <buildingTags>
        <li>Production</li>
      </buildingTags>
      <destroySound>BuildingDestroyed_Metal_Big</destroySound>
    </building>
    <comps>
      <li Class="CompProperties_Power">
        <compClass>CompPowerTrader</compClass>
        <basePowerConsumption>1000</basePowerConsumption>
      </li>
      <li Class="CompProperties_Flickable"/>
      <li Class="CompProperties_Breakdownable"/>
	  <li Class="CompProperties_Glower">
        <glowRadius>6</glowRadius>
        <glowColor>(80,112,180,0)</glowColor>
      </li>
    </comps>
    <size>(3,4)</size>
    <costList>
      <Plasteel>75</Plasteel>
	  <Steel>25</Steel>
      <ComponentSpacer>3</ComponentSpacer>
    </costList>
    <placeWorkers>
      <li>PlaceWorker_PreventInteractionSpotOverlap</li>
    </placeWorkers>
    <socialPropernessMatters>true</socialPropernessMatters>
    <interactionCellOffset>(0,0,3)</interactionCellOffset>
    <hasInteractionCell>true</hasInteractionCell>
    <terrainAffordanceNeeded>Heavy</terrainAffordanceNeeded>
    <designationCategory>Production</designationCategory>
    <constructEffect>ConstructMetal</constructEffect>
    <designationHotKey>Misc6</designationHotKey>
    <canOverlapZones>false</canOverlapZones>
    <constructionSkillPrerequisite>7</constructionSkillPrerequisite>
    <researchPrerequisites>
      <li>MealPrinter_MealPrinting</li>
    </researchPrerequisites>
  </ThingDef>
</Defs>
