﻿<?xml version="1.0" encoding="utf-8"?>
<ModMetaData>
	<name>Meal Printer</name>
	<author>SomewhereOutInSpace</author>
	<packageId>SomewhereOutInSpace.MealPrinter</packageId>
	<supportedVersions>
	<li>1.2</li>
	<li>1.3</li>
  </supportedVersions>
      <modDependencies>
        <li>
            <packageId>brrainz.harmony</packageId>
            <displayName>Harmony</displayName>
            <steamWorkshopUrl>steam://url/CommunityFilePage/2009463077</steamWorkshopUrl>
            <downloadUrl>https://github.com/pardeike/HarmonyRimWorld/releases/latest</downloadUrl>
        </li>
    </modDependencies>
  <description>Meal Printer aims to bring simple, balanced automated meal production to Rimworld's mid-to-late game.\n\nMeal Printers are the spacer-tech evolution of nutrient paste dispensers, using protein resequencing and primitive molecular printing to convert raw foodstuffs into filling, wholesome meals. They can produce simple meals or fine meals, and can also be configured for high-efficiency nutrient paste or bulk NutriBar production. </description>
</ModMetaData>